"Nome da campanha","Nome do conjunto de anúncios","Nome do anúncio","Status de veiculação","Nível de veiculação",Alcance,Impressões,Frequência,"Configuração de atribuição","Tipo de resultado",Resultados,"Valor usado (BRL)","Custo por resultado",Início,Término,"CPM (custo por 1.000 impressões)","Retorno sobre o investimento em publicidade (ROAS) das compras feitas no site","Valor de conversão das compras diretas no site","Valor de conversão da compra no site","Valor médio de conversão de compra","Valor de conversão de finalizações de compra iniciadas no site","Início dos relatórios","Término dos relatórios"
"[ABO] Imagem - UK [16.02.26]","[ABO] Imagem CJ 2 — UK","[ABO] Imagem AD10",not_delivering,ad,16874,21272,1.26063767,"Clique de 7 dias, visualização de 1 dia ou visualização com engajamento de 1 dia","Compras no site",16,2895.82,180.98875,2026-02-16,Contínuo,136.13294472,1.75522995,5082.83,5082.83,317.676875,7937.07,2026-02-13,2026-03-14
fmv_venda_adv_06.03.26,reino_unido_ig,AD04_Video_Mostruario,inactive,ad,4401,5394,1.22563054,"Clique de 7 dias, visualização de 1 dia ou visualização com engajamento de 1 dia","Compras no site",2,816.33,408.165,2026-03-06,Contínuo,151.3403782,1.38082638,1127.21,1127.21,563.605,1467.65,2026-02-13,2026-03-14
"[ABO] Imagem - UK [22.02.26]","[ABO] Imagem CJ 2 - UK","[ABO] IMAGEM AD3",not_delivering,ad,7182,7626,1.06182122,"Clique de 7 dias, visualização de 1 dia ou visualização com engajamento de 1 dia","Compras no site",5,784.72,156.944,2026-02-22,Contínuo,102.9006032,2.50089204,1962.5,1962.5,392.5,1961.73,2026-02-13,2026-03-14
fmv_venda_adv_09.03.26,reino_unido_ig,AD04_Video_Mostruario,inactive,ad,3268,3699,1.13188494,"Clique de 7 dias, visualização de 1 dia ou visualização com engajamento de 1 dia",,,456.71,,2026-03-09,Contínuo,123.468505,,0,,,689.3,2026-02-13,2026-03-14
"[CBO] Vendas - Imagens UK [28.02.26]","Conjunto - Vendas teste  UK [28.02.26]","CRIATIVO CR02",not_delivering,ad,2505,3568,1.4243513,"Clique de 7 dias, visualização de 1 dia ou visualização com engajamento de 1 dia","Compras no site",1,426.02,426.02,2026-02-28,Contínuo,119.40022422,1.14593212,488.19,488.19,488.19,1743.53,2026-02-13,2026-03-14
"[ABO] Videos [ 12.02.26]","[ABO] Videos AD 02","VIDEO AD 01",inactive,ad,4860,5321,1.09485597,"Clique de 7 dias, visualização de 1 dia ou visualização com engajamento de 1 dia","Compras no site",1,370.8,370.8,2026-02-12,Contínuo,69.68614922,1.57869471,585.38,585.38,585.38,,2026-02-13,2026-03-14
"[ABO] Imagem - UK [22.02.26]","[ABO] Imagem CJ 1 - ESPANHA","[ABO] IMAGEM AD14ES",not_delivering,ad,2246,3364,1.49777382,"Clique de 7 dias, visualização de 1 dia ou visualização com engajamento de 1 dia","Compras no site",2,302.6,151.3,2026-02-22,Contínuo,89.95243757,3.5554197,1075.87,1075.87,537.935,2026.74,2026-02-13,2026-03-14
"[ABO] Imagem - UK [22.02.26]","[ABO] Imagem CJ 3 - UK","[ABO] IMAGEM AD12 - PAGINA NOVA",not_delivering,ad,1273,1297,1.0188531,"Clique de 7 dias, visualização de 1 dia ou visualização com engajamento de 1 dia","Compras no site",1,202.53,202.53,2026-02-22,Contínuo,156.15265998,1.9142843,387.7,387.7,387.7,,2026-02-13,2026-03-14
"[CBO] Vendas - Imagens [26.02.26] 02","[CBO] Imagens - Conj 2","[CBO] IMAGEM - AD23",not_delivering,ad,1318,1592,1.20789074,"Clique de 7 dias, visualização de 1 dia ou visualização com engajamento de 1 dia",,,167.95,,2026-02-26,Contínuo,105.49623116,,0,,,,2026-02-13,2026-03-14
"[CBO] Vendas - Imagens [26.02.26] 01","[CBO] Imagens - Conj 1","[CBO] IMAGEM - AD15",not_delivering,ad,721,873,1.21081831,"Clique de 7 dias, visualização de 1 dia ou visualização com engajamento de 1 dia","Compras no site",1,124.48,124.48,2026-02-26,Contínuo,142.58877434,4.22477506,525.9,525.9,525.9,,2026-02-13,2026-03-14
"[ABO] Imagem - UK [16.02.26]","[ABO] Imagem CJ 1 - ESPANHA","[ABO] Imagem AD10",inactive,ad,1495,2022,1.35250836,"Clique de 7 dias, visualização de 1 dia ou visualização com engajamento de 1 dia",,,123.84,,2026-02-16,Contínuo,61.2462908,,0,,,,2026-02-13,2026-03-14
fmv_venda_adv_09.03.26,reino_unido_ig,AD02_IMG_5_Premium_Shirt,active,ad,597,732,1.22613065,"Clique de 7 dias, visualização de 1 dia ou visualização com engajamento de 1 dia",,,121.48,,2026-03-09,Contínuo,165.95628415,,0,,,,2026-02-13,2026-03-14
"[ABO] VIDEO 23.02","[ABO] VIDEO AD 01 - UK","VIDEO AD 01 - UK",not_delivering,ad,681,733,1.0763583,"Clique de 7 dias, visualização de 1 dia ou visualização com engajamento de 1 dia",,,114,,2026-02-23,Contínuo,155.52523874,,0,,,,2026-02-13,2026-03-14
fmv_venda_adv_06.03.26,reino_unido_ig,AD02_IMG_5_Premium_Shirt,active,ad,628,790,1.25796178,"Clique de 7 dias, visualização de 1 dia ou visualização com engajamento de 1 dia",,,106.55,,2026-03-06,Contínuo,134.87341772,,0,,,,2026-02-13,2026-03-14
"[ABO] VIDEO 23.02","[ABO] VIDEO AD 01 - ESPANHA","VIDEO AD 01 - ESPANHA",not_delivering,ad,743,947,1.27456258,"Clique de 7 dias, visualização de 1 dia ou visualização com engajamento de 1 dia",,,103.83,,2026-02-23,Contínuo,109.64097149,,0,,,,2026-02-13,2026-03-14
"[ABO] Videos [ 12.02.26]","[ABO] Videos AD 03","VIDEO AD 01",not_delivering,ad,736,772,1.04891304,"Clique de 7 dias, visualização de 1 dia ou visualização com engajamento de 1 dia",,,91.97,,2026-02-12,Contínuo,119.13212435,,0,,,,2026-02-13,2026-03-14
fmv_venda_adv_09.03.26,reino_unido_ig,AD01_IMG_2_Get_1,inactive,ad,453,657,1.45033113,"Clique de 7 dias, visualização de 1 dia ou visualização com engajamento de 1 dia",,,89.36,,2026-03-09,Contínuo,136.01217656,,0,,,,2026-02-13,2026-03-14
"[CBO] Vendas - Imagens - UK [27.02.26] 02","[CBO] Imagens - Conj 2","[CBO] IMAGEM - AD23",not_delivering,ad,466,480,1.03004292,"Clique de 7 dias, visualização de 1 dia ou visualização com engajamento de 1 dia",,,85.97,,2026-02-27,Contínuo,179.10416667,,0,,,,2026-02-13,2026-03-14
"[ABO] Videos [ 12.02.26]","[ABO] Videos AD 01","VIDEO AD 01",not_delivering,ad,375,403,1.07466667,"Clique de 7 dias, visualização de 1 dia ou visualização com engajamento de 1 dia",,,68.62,,2026-02-12,Contínuo,170.27295285,,0,,,,2026-02-13,2026-03-14
"[ABO] Imagem - UK [22.02.26]","[ABO] Imagem CJ 4 - UK","[ABO] IMAGEM AD13 - PAGINA NOVA",not_delivering,ad,335,403,1.20298507,"Clique de 7 dias, visualização de 1 dia ou visualização com engajamento de 1 dia",,,67.17,,2026-02-22,Contínuo,166.67493797,,0,,,,2026-02-13,2026-03-14
"[CBO] Vendas Imagens [12.02.26] — NOVO","[CBO] Imagens - Conj 6","[CBO] Imagem - AD 03",not_delivering,ad,342,365,1.06725146,"Clique de 7 dias, visualização de 1 dia ou visualização com engajamento de 1 dia",,,65.86,,2026-02-12,Contínuo,180.43835616,,0,,,,2026-02-13,2026-03-14
"[CBO] Vendas Imagens [12.02.26] — NOVO","[CBO] Imagens - Conj 8","[CBO] Imagem - AD 10",not_delivering,ad,417,520,1.2470024,"Clique de 7 dias, visualização de 1 dia ou visualização com engajamento de 1 dia",,,61.78,,2026-02-12,Contínuo,118.80769231,,0,,,,2026-02-13,2026-03-14
"[ABO] Imagem - UK [22.02.26]","[ABO] Imagem CJ 1 - UK","[ABO] IMAGEM AD11",not_delivering,ad,299,335,1.12040134,"Clique de 7 dias, visualização de 1 dia ou visualização com engajamento de 1 dia",,,60.68,,2026-02-22,Contínuo,181.13432836,,0,,,,2026-02-13,2026-03-14
fmv_venda_adv_06.03.26,reino_unido_ig,AD01_IMG_2_Get_1,inactive,ad,258,363,1.40697674,"Clique de 7 dias, visualização de 1 dia ou visualização com engajamento de 1 dia",,,56.93,,2026-03-06,Contínuo,156.83195592,,0,,,,2026-02-13,2026-03-14
"[CBO] Vendas Imagens [12.02.26] — NOVO","[CBO] Imagens - Conj 7","[CBO] Imagem - AD 10",not_delivering,ad,342,449,1.3128655,"Clique de 7 dias, visualização de 1 dia ou visualização com engajamento de 1 dia",,,52.56,,2026-02-12,Contínuo,117.06013363,,0,,,252.22,2026-02-13,2026-03-14
"[CBO] Vendas Imagens [12.02.26] — NOVO","[CBO] Imagens - Conj 6","[CBO] Imagem - AD 10",inactive,ad,222,238,1.07207207,"Clique de 7 dias, visualização de 1 dia ou visualização com engajamento de 1 dia",,,50.41,,2026-02-12,Contínuo,211.80672269,,0,,,,2026-02-13,2026-03-14
"[CBO] Vendas - Imagens [26.02.26] 01","[CBO] Imagens - Conj 1","[CBO] IMAGEM - AD18",inactive,ad,275,322,1.17090909,"Clique de 7 dias, visualização de 1 dia ou visualização com engajamento de 1 dia",,,42.96,,2026-02-26,Contínuo,133.41614907,,0,,,,2026-02-13,2026-03-14
"[ABO] Imagem - UK [16.02.26]","[ABO] Imagem CJ 3 — UK (TESTE)","[ABO] Imagem AD10 — LIBRAS (TESTE)",inactive,ad,173,198,1.14450867,"Clique de 7 dias, visualização de 1 dia ou visualização com engajamento de 1 dia",,,37.61,,2026-02-19,Contínuo,189.94949495,,0,,,,2026-02-13,2026-03-14
"[CBO] Vendas Imagens [12.02.26] — NOVO","[CBO] Imagens - Conj 9","[CBO] Imagem - AD 10",not_delivering,ad,225,369,1.64,"Clique de 7 dias, visualização de 1 dia ou visualização com engajamento de 1 dia","Compras no site",1,36.63,36.63,2026-02-12,Contínuo,99.26829268,13.17144417,482.47,482.47,482.47,,2026-02-13,2026-03-14
"[CBO] Vendas Imagens [12.02.26] — NOVO","[CBO] Imagens - Conj 2","[CBO] Imagem - AD 10",inactive,ad,157,181,1.15286624,"Clique de 7 dias, visualização de 1 dia ou visualização com engajamento de 1 dia",,,34.39,,2026-02-12,Contínuo,190,,0,,,,2026-02-13,2026-03-14
"[CBO] Vendas Imagens [12.02.26] — NOVO","[CBO] Imagens - Conj 3","[CBO] Imagem - AD 10",not_delivering,ad,148,180,1.21621622,"Clique de 7 dias, visualização de 1 dia ou visualização com engajamento de 1 dia",,,24.57,,2026-02-12,Contínuo,136.5,,0,,,,2026-02-13,2026-03-14
"[CBO] Vendas - Imagens [26.02.26] 02","[CBO] Imagens - Conj 2","[CBO] IMAGEM - AD24",inactive,ad,130,141,1.08461538,"Clique de 7 dias, visualização de 1 dia ou visualização com engajamento de 1 dia",,,19.77,,2026-02-26,Contínuo,140.21276596,,0,,,,2026-02-13,2026-03-14
"[CBO] Vendas Imagens [12.02.26] — NOVO","[CBO] Imagens - Conj 4","[CBO] Imagem - AD 10",not_delivering,ad,214,268,1.25233645,"Clique de 7 dias, visualização de 1 dia ou visualização com engajamento de 1 dia",,,18.77,,2026-02-12,Contínuo,70.03731343,,0,,,,2026-02-13,2026-03-14
"[CBO] Vendas Imagens [12.02.26] — NOVO","[CBO] Imagens - Conj 9","[CBO] Imagem - AD 09",inactive,ad,108,114,1.05555556,"Clique de 7 dias, visualização de 1 dia ou visualização com engajamento de 1 dia",,,17.69,,2026-02-12,Contínuo,155.1754386,,0,,,,2026-02-13,2026-03-14
"[CBO] Vendas Imagens [12.02.26] — NOVO","[CBO] Imagens - Conj 5","[CBO] Imagem - AD 10",not_delivering,ad,79,84,1.06329114,"Clique de 7 dias, visualização de 1 dia ou visualização com engajamento de 1 dia",,,16.4,,2026-02-12,Contínuo,195.23809524,,0,,,,2026-02-13,2026-03-14
fmv_venda_adv_06.03.26,reino_unido_ig,AD03_IMG_3_Premium_Shirt,inactive,ad,21,35,1.66666667,"Clique de 7 dias, visualização de 1 dia ou visualização com engajamento de 1 dia",,,14.79,,2026-03-06,Contínuo,422.57142857,,0,,,,2026-02-13,2026-03-14
"[CBO] Vendas - Imagens UK [28.02.26]","Conjunto - Vendas teste  UK [28.02.26]","CRIATIVO CR01",inactive,ad,57,82,1.43859649,"Clique de 7 dias, visualização de 1 dia ou visualização com engajamento de 1 dia",,,14.58,,2026-02-28,Contínuo,177.80487805,,0,,,,2026-02-13,2026-03-14
"[CBO] Vendas Imagens [12.02.26] — NOVO","[CBO] Imagens - Conj 1","[CBO] Imagem - AD 10",not_delivering,ad,162,280,1.72839506,"Clique de 7 dias, visualização de 1 dia ou visualização com engajamento de 1 dia",,,14.57,,2026-02-12,Contínuo,52.03571429,,0,,,,2026-02-13,2026-03-14
"[CBO] Vendas - Imagens [26.02.26] 01","[CBO] Imagens - Conj 1","[CBO] IMAGEM - AD16",inactive,ad,59,72,1.22033898,"Clique de 7 dias, visualização de 1 dia ou visualização com engajamento de 1 dia",,,11.9,,2026-02-26,Contínuo,165.27777778,,0,,,,2026-02-13,2026-03-14
"[CBO] Vendas Imagens [12.02.26] — NOVO","[CBO] Imagens - Conj 8","[CBO] Imagem - AD 03",inactive,ad,18,20,1.11111111,"Clique de 7 dias, visualização de 1 dia ou visualização com engajamento de 1 dia",,,10.28,,2026-02-12,Contínuo,514,,0,,,,2026-02-13,2026-03-14
"[CBO] Vendas - Imagens UK [28.02.26]","Conjunto - Vendas teste  UK [28.02.26]","CRIATIVO VIDEO 01",inactive,ad,39,65,1.66666667,"Clique de 7 dias, visualização de 1 dia ou visualização com engajamento de 1 dia",,,9.53,,2026-02-28,Contínuo,146.61538462,,0,,,,2026-02-13,2026-03-14
"Reconhecimento 03/02/2026","Conjunto Reconhecimento 03/02/2026",AD3,not_delivering,ad,4045,4118,1.01804697,"Clique de 7 dias ou visualização de 1 dia",Alcance,4045,8.44,2.08652658,2026-02-03,Contínuo,2.04953861,,0,,,,2026-02-13,2026-03-14
fmv_venda_adv_09.03.26,reino_unido_ig,AD07_Img_UK10,active,ad,34,38,1.11764706,"Clique de 7 dias, visualização de 1 dia ou visualização com engajamento de 1 dia",,,7.01,,2026-03-09,Contínuo,184.47368421,,0,,,,2026-02-13,2026-03-14
fmv_venda_adv_06.03.26,reino_unido_ig,AD05_Video_Men,inactive,ad,22,25,1.13636364,"Clique de 7 dias, visualização de 1 dia ou visualização com engajamento de 1 dia",,,4.9,,2026-03-06,Contínuo,196,,0,,,,2026-02-13,2026-03-14
"Tráfego 06/02/2026","Conjunto de Tráfego 06/02/2026",AD5,not_delivering,ad,455,455,1,"Clique de 7 dias ou visualização de 1 dia","Visualizações da página de destino",7,4.8,0.68571429,2026-02-07,Contínuo,10.54945055,,0,,,,2026-02-13,2026-03-14
"Tráfego 06/02/2026","Conjunto de Tráfego 06/02/2026",AD1,not_delivering,ad,392,396,1.01020408,"Clique de 7 dias ou visualização de 1 dia","Visualizações da página de destino",5,3.54,0.708,2026-02-07,Contínuo,8.93939394,,0,,,,2026-02-13,2026-03-14
"Reconhecimento 03/02/2026","Conjunto Reconhecimento 03/02/2026",AD5,not_delivering,ad,1609,1609,1,"Clique de 7 dias ou visualização de 1 dia",Alcance,1609,3.08,1.91423244,2026-02-03,Contínuo,1.91423244,,0,,,,2026-02-13,2026-03-14
"[CBO] Vendas Imagens [12.02.26] — NOVO","[CBO] Imagens - Conj 5","[CBO] Imagem - AD 03",inactive,ad,15,15,1,"Clique de 7 dias, visualização de 1 dia ou visualização com engajamento de 1 dia",,,2.54,,2026-02-12,Contínuo,169.33333333,,0,,,,2026-02-13,2026-03-14
"[CBO] Vendas Imagens [12.02.26] — NOVO","[CBO] Imagens - Conj 10","[CBO] Imagem - AD 05",not_delivering,ad,35,49,1.4,"Clique de 7 dias, visualização de 1 dia ou visualização com engajamento de 1 dia",,,2.41,,2026-02-12,Contínuo,49.18367347,,0,,,,2026-02-13,2026-03-14
"[CBO] Vendas Imagens [12.02.26] — NOVO","[CBO] Imagens - Conj 9","[CBO] Imagem - AD 01",inactive,ad,5,5,1,"Clique de 7 dias, visualização de 1 dia ou visualização com engajamento de 1 dia",,,1.78,,2026-02-12,Contínuo,356,,0,,,,2026-02-13,2026-03-14
"[CBO] Vendas Imagens [12.02.26] — NOVO","[CBO] Imagens - Conj 9","[CBO] Imagem - AD 03",inactive,ad,14,14,1,"Clique de 7 dias, visualização de 1 dia ou visualização com engajamento de 1 dia",,,1.71,,2026-02-12,Contínuo,122.14285714,,0,,,,2026-02-13,2026-03-14
fmv_venda_adv_09.03.26,reino_unido_ig,AD05_Video_Men,inactive,ad,9,13,1.44444444,"Clique de 7 dias, visualização de 1 dia ou visualização com engajamento de 1 dia",,,1.64,,2026-03-09,Contínuo,126.15384615,,0,,,,2026-02-13,2026-03-14
"Tráfego 06/02/2026","Conjunto de Tráfego 06/02/2026",AD3,not_delivering,ad,105,105,1,"Clique de 7 dias ou visualização de 1 dia","Visualizações da página de destino",2,1.57,0.785,2026-02-07,Contínuo,14.95238095,,0,,,,2026-02-13,2026-03-14
"[CBO] Vendas - Imagens [26.02.26] 02","[CBO] Imagens - Conj 2","[CBO] IMAGEM - AD22",inactive,ad,4,4,1,"Clique de 7 dias, visualização de 1 dia ou visualização com engajamento de 1 dia",,,1.51,,2026-02-26,Contínuo,377.5,,0,,,,2026-02-13,2026-03-14
"[CBO] Vendas Imagens [12.02.26] — NOVO","[CBO] Imagens - Conj 8","[CBO] Imagem - AD 04",not_delivering,ad,16,18,1.125,"Clique de 7 dias, visualização de 1 dia ou visualização com engajamento de 1 dia",,,1.5,,2026-02-12,Contínuo,83.33333333,,0,,,,2026-02-13,2026-03-14
"[CBO] Vendas Imagens [12.02.26] — NOVO","[CBO] Imagens - Conj 5","[CBO] Imagem - AD 01",inactive,ad,11,11,1,"Clique de 7 dias, visualização de 1 dia ou visualização com engajamento de 1 dia",,,1.45,,2026-02-12,Contínuo,131.81818182,,0,,,,2026-02-13,2026-03-14
fmv_venda_adv_09.03.26,reino_unido_ig,AD03_IMG_3_Premium_Shirt,inactive,ad,9,11,1.22222222,"Clique de 7 dias, visualização de 1 dia ou visualização com engajamento de 1 dia",,,1.45,,2026-03-09,Contínuo,131.81818182,,0,,,,2026-02-13,2026-03-14
"[CBO] Vendas Imagens [12.02.26] — NOVO","[CBO] Imagens - Conj 2","[CBO] Imagem - AD 03",inactive,ad,11,11,1,"Clique de 7 dias, visualização de 1 dia ou visualização com engajamento de 1 dia",,,1.33,,2026-02-12,Contínuo,120.90909091,,0,,,,2026-02-13,2026-03-14
"[CBO] Vendas Imagens [12.02.26] — NOVO","[CBO] Imagens - Conj 10","[CBO] Imagem - AD 10",inactive,ad,6,7,1.16666667,"Clique de 7 dias, visualização de 1 dia ou visualização com engajamento de 1 dia",,,1.14,,2026-02-12,Contínuo,162.85714286,,0,,,,2026-02-13,2026-03-14
"Reconhecimento 03/02/2026","Conjunto Reconhecimento 03/02/2026",AD4,not_delivering,ad,411,411,1,"Clique de 7 dias ou visualização de 1 dia",Alcance,411,1.12,2.72506083,2026-02-03,Contínuo,2.72506083,,0,,,,2026-02-13,2026-03-14
"[CBO] Vendas - Imagens [26.02.26] 02","[CBO] Imagens - Conj 2","[CBO] IMAGEM - AD21",inactive,ad,4,4,1,"Clique de 7 dias, visualização de 1 dia ou visualização com engajamento de 1 dia",,,1.11,,2026-02-26,Contínuo,277.5,,0,,,,2026-02-13,2026-03-14
"[CBO] Vendas Imagens [12.02.26] — NOVO","[CBO] Imagens - Conj 1","[CBO] Imagem - AD 03",inactive,ad,3,3,1,"Clique de 7 dias, visualização de 1 dia ou visualização com engajamento de 1 dia",,,1.05,,2026-02-12,Contínuo,350,,0,,,,2026-02-13,2026-03-14
"[CBO] Vendas - Imagens [26.02.26] 02","[CBO] Imagens - Conj 2","[CBO] IMAGEM - AD20",inactive,ad,8,9,1.125,"Clique de 7 dias, visualização de 1 dia ou visualização com engajamento de 1 dia",,,1.01,,2026-02-26,Contínuo,112.22222222,,0,,,,2026-02-13,2026-03-14
"[CBO] Vendas - Imagens [26.02.26] 01","[CBO] Imagens - Conj 1","[CBO] IMAGEM - AD19",inactive,ad,4,7,1.75,"Clique de 7 dias, visualização de 1 dia ou visualização com engajamento de 1 dia",,,0.99,,2026-02-26,Contínuo,141.42857143,,0,,,,2026-02-13,2026-03-14
"[CBO] Vendas Imagens [12.02.26] — NOVO","[CBO] Imagens - Conj 9","[CBO] Imagem - AD 07",inactive,ad,2,3,1.5,"Clique de 7 dias, visualização de 1 dia ou visualização com engajamento de 1 dia",,,0.97,,2026-02-12,Contínuo,323.33333333,,0,,,,2026-02-13,2026-03-14
"[CBO] Vendas Imagens [12.02.26] — NOVO","[CBO] Imagens - Conj 4","[CBO] Imagem - AD 03",inactive,ad,5,5,1,"Clique de 7 dias, visualização de 1 dia ou visualização com engajamento de 1 dia",,,0.72,,2026-02-12,Contínuo,144,,0,,,,2026-02-13,2026-03-14
"Reconhecimento 03/02/2026","Conjunto Reconhecimento 03/02/2026",AD2,not_delivering,ad,247,247,1,"Clique de 7 dias ou visualização de 1 dia",Alcance,247,0.66,2.67206478,2026-02-03,Contínuo,2.67206478,,0,,,,2026-02-13,2026-03-14
"[CBO] Vendas Imagens [12.02.26] — NOVO","[CBO] Imagens - Conj 3","[CBO] Imagem - AD 04",inactive,ad,1,1,1,"Clique de 7 dias, visualização de 1 dia ou visualização com engajamento de 1 dia",,,0.63,,2026-02-12,Contínuo,630,,0,,,,2026-02-13,2026-03-14
"[CBO] Vendas - Imagens UK [28.02.26]","Conjunto - Vendas teste  UK [28.02.26]","CRIATIVO CR03",inactive,ad,6,6,1,"Clique de 7 dias, visualização de 1 dia ou visualização com engajamento de 1 dia",,,0.51,,2026-02-28,Contínuo,85,,0,,,,2026-02-13,2026-03-14
"[CBO] Vendas - Imagens [26.02.26] 01","[CBO] Imagens - Conj 1","[CBO] IMAGEM - AD17",inactive,ad,3,4,1.33333333,"Clique de 7 dias, visualização de 1 dia ou visualização com engajamento de 1 dia",,,0.5,,2026-02-26,Contínuo,125,,0,,,,2026-02-13,2026-03-14
fmv_venda_adv_06.03.26,reino_unido_ig,AD08_Img_UK04,active,ad,4,5,1.25,"Clique de 7 dias, visualização de 1 dia ou visualização com engajamento de 1 dia",,,0.43,,2026-03-06,Contínuo,86,,0,,,,2026-02-13,2026-03-14
"[CBO] Vendas Imagens [12.02.26] — NOVO","[CBO] Imagens - Conj 10","[CBO] Imagem - AD 04",not_delivering,ad,6,7,1.16666667,"Clique de 7 dias, visualização de 1 dia ou visualização com engajamento de 1 dia",,,0.4,,2026-02-12,Contínuo,57.14285714,,0,,,,2026-02-13,2026-03-14
"[CBO] Vendas Imagens [12.02.26] — NOVO","[CBO] Imagens - Conj 9","[CBO] Imagem - AD 02",inactive,ad,3,4,1.33333333,"Clique de 7 dias, visualização de 1 dia ou visualização com engajamento de 1 dia",,,0.39,,2026-02-12,Contínuo,97.5,,0,,,,2026-02-13,2026-03-14
"Tráfego 06/02/2026","Conjunto de Tráfego 06/02/2026",AD4,not_delivering,ad,26,26,1,"Clique de 7 dias ou visualização de 1 dia",,,0.37,,2026-02-07,Contínuo,14.23076923,,0,,,,2026-02-13,2026-03-14
"[CBO] Vendas Imagens [12.02.26] — NOVO","[CBO] Imagens - Conj 1","[CBO] Imagem - AD 02",inactive,ad,8,8,1,"Clique de 7 dias, visualização de 1 dia ou visualização com engajamento de 1 dia",,,0.37,,2026-02-12,Contínuo,46.25,,0,,,,2026-02-13,2026-03-14
"[CBO] Vendas Imagens [12.02.26] — NOVO","[CBO] Imagens - Conj 6","[CBO] Imagem - AD 01",inactive,ad,9,23,2.55555556,"Clique de 7 dias, visualização de 1 dia ou visualização com engajamento de 1 dia",,,0.36,,2026-02-12,Contínuo,15.65217391,,0,,,,2026-02-13,2026-03-14
"[CBO] Vendas Imagens [12.02.26] — NOVO","[CBO] Imagens - Conj 5","[CBO] Imagem - AD 02",inactive,ad,2,2,1,"Clique de 7 dias, visualização de 1 dia ou visualização com engajamento de 1 dia",,,0.36,,2026-02-12,Contínuo,180,,0,,,,2026-02-13,2026-03-14
"[CBO] Vendas Imagens [12.02.26] — NOVO","[CBO] Imagens - Conj 6","[CBO] Imagem - AD 07",inactive,ad,1,1,1,"Clique de 7 dias, visualização de 1 dia ou visualização com engajamento de 1 dia",,,0.35,,2026-02-12,Contínuo,350,,0,,,,2026-02-13,2026-03-14
"[CBO] Vendas Imagens [12.02.26] — NOVO","[CBO] Imagens - Conj 1","[CBO] Imagem - AD 07",inactive,ad,5,5,1,"Clique de 7 dias, visualização de 1 dia ou visualização com engajamento de 1 dia",,,0.27,,2026-02-12,Contínuo,54,,0,,,,2026-02-13,2026-03-14
"[CBO] Vendas Imagens [12.02.26] — NOVO","[CBO] Imagens - Conj 10","[CBO] Imagem - AD 07",inactive,ad,4,4,1,"Clique de 7 dias, visualização de 1 dia ou visualização com engajamento de 1 dia",,,0.24,,2026-02-12,Contínuo,60,,0,,,,2026-02-13,2026-03-14
"[CBO] Vendas Imagens [12.02.26] — NOVO","[CBO] Imagens - Conj 10","[CBO] Imagem - AD 02",inactive,ad,1,1,1,"Clique de 7 dias, visualização de 1 dia ou visualização com engajamento de 1 dia",,,0.23,,2026-02-12,Contínuo,230,,0,,,,2026-02-13,2026-03-14
fmv_venda_adv_09.03.26,reino_unido_ig,AD06_Video_Men,active,ad,1,1,1,"Clique de 7 dias, visualização de 1 dia ou visualização com engajamento de 1 dia",,,0.18,,2026-03-09,Contínuo,180,,0,,,,2026-02-13,2026-03-14
"[CBO] Vendas Imagens [12.02.26] — NOVO","[CBO] Imagens - Conj 10","[CBO] Imagem - AD 03",not_delivering,ad,3,3,1,"Clique de 7 dias, visualização de 1 dia ou visualização com engajamento de 1 dia",,,0.15,,2026-02-12,Contínuo,50,,0,,,,2026-02-13,2026-03-14
"[CBO] Vendas Imagens [12.02.26] — NOVO","[CBO] Imagens - Conj 8","[CBO] Imagem - AD 02",inactive,ad,1,1,1,"Clique de 7 dias, visualização de 1 dia ou visualização com engajamento de 1 dia",,,0.13,,2026-02-12,Contínuo,130,,0,,,,2026-02-13,2026-03-14
"[CBO] Vendas Imagens [12.02.26] — NOVO","[CBO] Imagens - Conj 1","[CBO] Imagem - AD 01",inactive,ad,1,4,4,"Clique de 7 dias, visualização de 1 dia ou visualização com engajamento de 1 dia",,,0.11,,2026-02-12,Contínuo,27.5,,0,,,,2026-02-13,2026-03-14
"[CBO] Vendas Imagens [12.02.26] — NOVO","[CBO] Imagens - Conj 3","[CBO] Imagem - AD 01",inactive,ad,2,2,1,"Clique de 7 dias, visualização de 1 dia ou visualização com engajamento de 1 dia",,,0.11,,2026-02-12,Contínuo,55,,0,,,,2026-02-13,2026-03-14
"[CBO] Vendas Imagens [12.02.26] — NOVO","[CBO] Imagens - Conj 5","[CBO] Imagem - AD 04",not_delivering,ad,1,1,1,"Clique de 7 dias, visualização de 1 dia ou visualização com engajamento de 1 dia",,,0.09,,2026-02-12,Contínuo,90,,0,,,,2026-02-13,2026-03-14
fmv_venda_adv_09.03.26,reino_unido_ig,AD08_Img_UK04,active,ad,1,1,1,"Clique de 7 dias, visualização de 1 dia ou visualização com engajamento de 1 dia",,,0.09,,2026-03-09,Contínuo,90,,0,,,,2026-02-13,2026-03-14
"[CBO] Vendas Imagens [12.02.26] — NOVO","[CBO] Imagens - Conj 2","[CBO] Imagem - AD 04",inactive,ad,1,1,1,"Clique de 7 dias, visualização de 1 dia ou visualização com engajamento de 1 dia",,,0.09,,2026-02-12,Contínuo,90,,0,,,,2026-02-13,2026-03-14
"[CBO] Vendas Imagens [12.02.26] — NOVO","[CBO] Imagens - Conj 7","[CBO] Imagem - AD 07",inactive,ad,1,1,1,"Clique de 7 dias, visualização de 1 dia ou visualização com engajamento de 1 dia",,,0.08,,2026-02-12,Contínuo,80,,0,,,,2026-02-13,2026-03-14
fmv_venda_adv_06.03.26,reino_unido_ig,AD06_Video_Men,active,ad,2,2,1,"Clique de 7 dias, visualização de 1 dia ou visualização com engajamento de 1 dia",,,0.08,,2026-03-06,Contínuo,40,,0,,,,2026-02-13,2026-03-14
"[CBO] Vendas Imagens [12.02.26] — NOVO","[CBO] Imagens - Conj 4","[CBO] Imagem - AD 05",not_delivering,ad,4,4,1,"Clique de 7 dias, visualização de 1 dia ou visualização com engajamento de 1 dia",,,0.08,,2026-02-12,Contínuo,20,,0,,,,2026-02-13,2026-03-14
"[CBO] Vendas Imagens [12.02.26] — NOVO","[CBO] Imagens - Conj 2","[CBO] Imagem - AD 01",inactive,ad,3,3,1,"Clique de 7 dias, visualização de 1 dia ou visualização com engajamento de 1 dia",,,0.08,,2026-02-12,Contínuo,26.66666667,,0,,,,2026-02-13,2026-03-14
"[CBO] Vendas Imagens [12.02.26] — NOVO","[CBO] Imagens - Conj 6","[CBO] Imagem - AD 02",inactive,ad,1,1,1,"Clique de 7 dias, visualização de 1 dia ou visualização com engajamento de 1 dia",,,0.07,,2026-02-12,Contínuo,70,,0,,,,2026-02-13,2026-03-14
"[CBO] Vendas Imagens [12.02.26] — NOVO","[CBO] Imagens - Conj 7","[CBO] Imagem - AD 02",inactive,ad,4,4,1,"Clique de 7 dias, visualização de 1 dia ou visualização com engajamento de 1 dia",,,0.06,,2026-02-12,Contínuo,15,,0,,,,2026-02-13,2026-03-14
"[CBO] Vendas Imagens [12.02.26] — NOVO","[CBO] Imagens - Conj 2","[CBO] Imagem - AD 07",inactive,ad,2,2,1,"Clique de 7 dias, visualização de 1 dia ou visualização com engajamento de 1 dia",,,0.05,,2026-02-12,Contínuo,25,,0,,,,2026-02-13,2026-03-14
"Reconhecimento 03/02/2026","Conjunto Reconhecimento 03/02/2026",AD1,not_delivering,ad,21,21,1,"Clique de 7 dias ou visualização de 1 dia",Alcance,21,0.04,1.9047619,2026-02-03,Contínuo,1.9047619,,0,,,,2026-02-13,2026-03-14
"[CBO] Vendas Imagens [12.02.26] — NOVO","[CBO] Imagens - Conj 4","[CBO] Imagem - AD 07",inactive,ad,1,1,1,"Clique de 7 dias, visualização de 1 dia ou visualização com engajamento de 1 dia",,,0.03,,2026-02-12,Contínuo,30,,0,,,,2026-02-13,2026-03-14
"[CBO] Vendas Imagens [12.02.26] — NOVO","[CBO] Imagens - Conj 7","[CBO] Imagem - AD 01",inactive,ad,4,8,2,"Clique de 7 dias, visualização de 1 dia ou visualização com engajamento de 1 dia",,,0.03,,2026-02-12,Contínuo,3.75,,0,,,,2026-02-13,2026-03-14
"[CBO] Vendas Imagens [12.02.26] — NOVO","[CBO] Imagens - Conj 4","[CBO] Imagem - AD 02",inactive,ad,1,3,3,"Clique de 7 dias, visualização de 1 dia ou visualização com engajamento de 1 dia",,,0,,2026-02-12,Contínuo,0,,0,,,,2026-02-13,2026-03-14
"[CBO] Vendas Imagens [12.02.26] — NOVO","[CBO] Imagens - Conj 3","[CBO] Imagem - AD 02",inactive,ad,1,1,1,"Clique de 7 dias, visualização de 1 dia ou visualização com engajamento de 1 dia",,,0,,2026-02-12,Contínuo,0,,0,,,,2026-02-13,2026-03-14
"[CBO] Vendas Imagens [12.02.26] — NOVO","[CBO] Imagens - Conj 4","[CBO] Imagem - AD 04",inactive,ad,1,2,2,"Clique de 7 dias, visualização de 1 dia ou visualização com engajamento de 1 dia",,,0,,2026-02-12,Contínuo,0,,0,,,,2026-02-13,2026-03-14
